;acc;itterations;kernelSize;time
0;[0.8015333333651224, 0.9068, 0.9348666666666666, 0.9485999999682109, 0.957, 0.9626666666348775];6;3;62.335097789764404
