;acc;itterations;kernelSize;time
0;[0.8567999999682109, 0.9547333333333333, 0.9699999999682108, 0.9772666666666666, 0.9809333333015442, 0.985];6;11;215.4604251384735
